Annual_measure,SD_of_measure,Use1_0,Name,Units,Description,Region,Time_period,Source
NA,NA,0,Obs_TAPP,mMN/m2/y,Annual_total_primary_production,Clyde,2003-2013,Insufficient_data
999.32,200,1,Obs_NP,mMN/m2/y,Annual_new_production_from_depth_integrated_nitrate,West_Scotland_included_instead,2000_2003,Heath_and_Beare_2008
600,100,1,Obs_KelpP,gC/m2/y,Annual_WITHIN_FOREST_NET_production_of_kelp,General_UK,NA,Burrows_et_al_2018
220.9,100,1,Obs_OmnizooP,mMN/m2/y,Annual_mesozooplankton_gross_production,West_Scotland_included_instead,1970_1999_included _as_substitute,Heath_2005/Mackinson_and_Daskalov_2007
25.8,12,1,Obs_CarnzooP,mMN/m2/y,Annual_carnivorous_zooplankton_gross_production,West_Scotland_included_instead,1970_1999_included _as_substitute,Heath_2005/Mackinson_and_Daskalov_2007
NA,NA,0,Obs_PFishP,mMN/m2/y,Annual_pelagic_fish_gross_production,Clyde,2003-2013,Insufficient_data
NA,NA,1,Obs_DFishP,mMN/m2/y,Annual_demersal_fish_gross_production,Clyde,2003-2013,Insufficient_data
NA,NA,0,Obs_BensuspP,mMN/m2/y,Annual_filt/dep_benthos_gross_production,Clyde,2003-2013,Insufficient_data
NA,NA,0,Obs_BencarnP,mMN/m2/y,Annual_carn/scan_benthos_gross_production,Clyde,2003-2013,Insufficient_data
NA,NA,0,Obs_birdP,mMN/m2/y,Annual_net_production_of_birds,Clyde,2003-2013,Insufficient_data
NA,NA,0,Obs_sealP,mMN/m2/y,Annual_net_production_of_seals,Clyde,2003-2013,Insufficient_data
NA,NA,0,Obs_cetaP,mMN/m2/y,Annual_net_production_of_cetaceans,Clyde,2003-2013,Insufficient_data
NA,NA,0,Obs_maxbenthslar,mMN/m3,Annual_monthly_max_conc_of_benthos_filt/dep_larvae,Clyde,2003-2013,Insufficient_data
NA,NA,0,Obs_maxbenthclar,mMN/m3,Annual_monthly_max_conc_of_benthos_carn/scav_larvae,Clyde,2003-2013,Insufficient_data
NA,NA,0,Obs_Conpfishfish,mMN/m2/y,Annual_consumption_of_pelagic_fish_by_fish,Clyde,2003-2013,Insufficient_data
NA,NA,0,Obs_Condfishfish,mMN/m2/y,Annual_consumption_of_demersal_fish_by_fish,Clyde,2003-2013,Insufficient_data
NA,NA,0,Obs_Conzoofish,mMN/m2/y,Annual_consumption_of_mesozooplankton_by_fish_and_fish_larvae,Clyde,2003-2013,Insufficient_data
NA,NA,0,Obs_Conzoocarnz,mMN/m2/y,Annual_consumption_of_mesozooplankton_by_carn_zooplankton,Clyde,2003-2013,Insufficient_data
NA,NA,0,Obs_Conbenfish,mMN/m2/y,Annual_consumption_of_benthos_by_fish,Clyde,2003-2013,Insufficient_data
NA,NA,0,Obs_Contotal_bird,mMN/m2/y,Annual_food_consumption_by_birds,Clyde,2003-2013,Insufficient_data
NA,NA,0,Obs_Proppfishbird,dimensionless,Proportion_pelagic_fish_in_diet_of_birds,Clyde,2003-2013,Insufficient_data
NA,NA,0,Obs_Propdfishbird,dimensionless,Proportion_demersal_fish_in_diet_of_birds,Clyde,2003-2013,Insufficient_data
NA,NA,0,Obs_Propmfishbird,dimensionless,Proportion_migratory_fish_in_diet_of_birds,Clyde,2003-2013,Insufficient_data
NA,NA,0,Obs_Propdiscbird,dimensionless,Proportion_discards_in_diet_of_birds,Clyde,2003-2013,Insufficient_data
NA,NA,0,Obs_Contotal_seal,mMN/m2/y,Annual_food_consumption_by_seals,Clyde,2003-2013,Insufficient_data
NA,NA,0,Obs_Proppfishseal,dimensionless,Proportion_pelagic_fish_in_diet_of_seals,Clyde,2003-2013,Insufficient_data
NA,NA,0,Obs_Propdfishseal,dimensionless,Proportion_demersal_fish_in_diet_of_seals,Clyde,2003-2013,Insufficient_data
NA,NA,0,Obs_Propmfishseal,dimensionless,Proportion_migratory_fish_in_diet_of_seals,Clyde,2003-2013,Insufficient_data
NA,NA,0,Obs_Contotal_ceta,mMN/m2/y,Annual_food_consumption_by_cetaceans,Clyde,2003-2013,Insufficient_data
NA,NA,0,Obs_Proppfishceta,dimensionless,Proportion_pelagic_fish_in_diet_of_cetaceans,Clyde,2003-2013,Insufficient_data
NA,NA,0,Obs_Propdfishceta,dimensionless,Proportion_demersal_fish_in_diet_of_cetaceans,Clyde,2003-2013,Insufficient_data
NA,NA,0,Obs_Propmfishceta,dimensionless,Proportion_migratory_fish_in_diet_of_cetaceans,Clyde,2003-2013,Insufficient_data
0.138408757,0.013,1,Obs_Pland_livewt,mMN/m2/y,Annual_pelagic_fish_landings_(live_weight)_STECF,Clyde,2003-2013,Analysis of STECF data
0.03083338,0.003,1,Obs_Dland_livewt,mMN/m2/y,Annual_demersal_fish_landings_(live_weight)_STECF,Clyde,2003-2013,Analysis of STECF data
0.0091094,0.0009,1,Obs_Mland_livewt,mMN/m2/y,Annual_migratory_fish_landings_(live_weight)_STECF,Clyde,2003-2013,Analysis of STECF data
0.070939022,0.007,1,Obs_Bsland_livewt,mMN/m2/y,Annual_filt/dep_benthos_landings_(live_weight)_FAO,Clyde,2003-2013,Analysis of STECF data
0.565448147,0.06,1,Obs_Bcland_livewt,mMN/m2/y,Annual_carn/scav_benthos_landings_(live_weight)_FAO,Clyde,2003-2013,Analysis of STECF data
0.000068,0.00003,1,Obs_Zcland_livewt,mMN/m2/y,Annual_carn_zooplankton_landings_(live_weight)_FAO,Clyde_and_IrishSea,2003-2013,Analysis of STECF data
0,0,0,Obs_Kland_livewt,mMN/m2/y,Annual_kelp_landings_(live_weight),Clyde,2003-2013,No_known_harvesting
2,0.5,1,Obs_kelp_pb,/y,Annual_CARBON_gross_PB_ratio_of_kelp,General_value,NA,Brady_Campbell_et_al_1984
10,5,1,Obs_benslar_pb,/y,Annual_gross_PB_ratio_larvae_of_filt/dep_benthos,General_value,NA,Mackinson_and_Daskalov_2007
10,5,1,Obs_benclar_pb,/y,Annual_gross_PB_ratio_larvae_of_carn/scav_benthos,General_value,NA,Mackinson_and_Daskalov_2007
10,3,1,Obs_bens_pb,/y,Annual_gross_PB_ratio_benthos_filter/deposit_feeders,General_value,NA,Mackinson_and_Daskalov_2007
1.2,1,1,Obs_benc_pb,/y,Annual_gross_PB_ratio_benthos_carn/scavengers,General_value,NA,Mackinson_and_Daskalov_2007
20,10,1,Obs_herb_pb,/y,Annual_gross_PB_ratio_mesozooplankton,General_value,NA,Mackinson_and_Daskalov_2007
5,1.315,1,Obs_carn_pb,/y,Annual_gross_PB_ratio_carniv_zooplankton,General_value,NA,Mackinson_and_Daskalov_2007
4,2,1,Obs_fishplar_pb,/y,Annual_gross_PB_ratio_larvae_of_pelagic_fish,General_value,NA,Mackinson_and_Daskalov_2007
4,2,1,Obs_fishdlar_pb,/y,Annual_gross_PB_ratio_larvae_of_demersal_fish,General_value,NA,Mackinson_and_Daskalov_2007
1.72,0.86,1,Obs_fishp_pb,/y,Annual_gross_PB_ratio_pelagic_fish,General_value,NA,Mackinson_and_Daskalov_2007
0.88,0.44,1,Obs_fishd_pb,/y,Annual_gross_PB_ratio_demersal_fish,General_value,NA,Mackinson_and_Daskalov_2007
1.3,0.6,1,Obs_fishm_pb,/y,Annual_gross_PB_ratio_migratory_fish,General_value,NA,Mackinson_and_Daskalov_2007
0.28,0.14,1,Obs_bird_pb,/y,Annual_net_PB_ratio_birds,General_value,NA,Mackinson_and_Daskalov_2007
0.09,0.045,1,Obs_seal_pb,/y,Annual_net_PB_ratio_seals,General_value,NA,Mackinson_and_Daskalov_2007
0.02,0.01,1,Obs_ceta_pb,/y,Annual_net_PB_ratio_cetaceans,General_value,NA,Mackinson_and_Daskalov_2007
0.3,0.1,1,Obs_exud_C_kelp,dimensionless,Annual_average_proportion_of_kelp_C_uptake_which_is_exuded,General_value,NA,Abdullah_and_Fredriksen_2004
0.12,0.2,1,Obs_kelp_NC,dimensionless,Annual_average_molar_NC_ratio_of_kelp,General_value,NA,Sjotun_et_al_1996/Broch_and_Slagstad_2012
NA,NA,0,Obs_Denitrif,mMN/m2/y,Annual_denitrification,Clyde,2003-2013,Insufficient_data
0.82,0.1,1,Obs_Dfdiscardp,dimensionless,Proportion_of_demersal_fish_catch_discarded,Clyde,2003-2013,Analysis of STECF data
11.05238737,9,1,Obs_s_x_ammonia,mMN/m3,Annual_average_ammonia_conc_in_porewater_of_sand_gs_0.352mm,NW_North_Sea,2007_2008,Serpetti_2012/Serpetti_et_al_2016
110.3926311,80,1,Obs_d_x_ammonia,mMN/m3,Annual_average_ammonia_conc_in_porewater_of_mud_gs_0.085mm,NW_North_Sea,2007_2008,Serpetti_2012/Serpetti_et_al_2016
5.406231617,2,1,Obs_s_x_nitrate,mMN/m3,Annual_average_nitrate_conc_in_porewater_of_sand_gs_0.352mm,NW_North_Sea,2007_2008,Serpetti_2012/Serpetti_et_al_2016
1.796919195,1,1,Obs_d_x_nitrate,mMN/m3,Annual_average_nitrate_conc_in_porewater_of_mud_gs_0.085mm,NW_North_Sea,2007_2008,Serpetti_2012/Serpetti_et_al_2016
0.0389,0.02441,1,Obs_s_x_TON,%N(gN/g_dry_sed),Annual_average_organic_N_content_of_sand_gs_0.25mm_(0.19-0.43mm),NW_North_Sea,1996_2015,Serpetti_2012/Serpetti_et_al_2016
0.07616,0.0343,1,Obs_d_x_TON,%N(gN/g_dry_sed),Annual_average_organic_N_content_of_mud_gs_0.12mm_(0.03-0.07mm),NW_North_Sea,1996_2015,Serpetti_2012/Serpetti_et_al_2016
NA,NA,0,Obs_NDJF_s_nitrate,mMN/m3,Average_winter_(Nov-Feb)_nitrate_conc_shallow_layer,Clyde,2003-2013,Insufficient_data
NA,NA,0,Obs_MJJA_s_nitrate,mMN/m3,Average_summer_(May-Aug)_nitrate_conc_shallow_layer,Clyde,2003-2013,Insufficient_data
NA,NA,0,Obs_NDJF_d_nitrate,mMN/m3,Average_winter_(Nov-Feb)_nitrate_conc_deep_layer,Clyde,2003-2013,Insufficient_data
NA,NA,0,Obs_MJJA_d_nitrate,mMN/m3,Average_summer_(May-Aug)_nitrate_conc_deep_layer,Clyde,2003-2013,Insufficient_data
NA,NA,0,Obs_NDJF_s_ammonia,mMN/m3,Average_winter_(Nov-Feb)_ammonia_conc_shallow_layer,Clyde,2003-2013,Insufficient_data
NA,NA,0,Obs_MJJA_s_ammonia,mMN/m3,Average_summer_(May-Aug)_ammonia_conc_shallow_layer,Clyde,2003-2013,Insufficient_data
NA,NA,0,Obs_NDJF_d_ammonia,mMN/m3,Average_winter_(Nov-Feb)_ammonia_conc_deep_layer,Clyde,2003-2013,Insufficient_data
NA,NA,0,Obs_MJJA_d_ammonia,mMN/m3,Average_summer_(May-Aug)_ammonia_conc_deep_layer,Clyde,2003-2013,Insufficient_data
NA,NA,0,Obs_carn_io_ratio,dimensionless,Inshore_offshore_ratio_of_annual_mean_carnzoo_depth_av_conc,Clyde,2003-2013,Insufficient_data
NA,NA,0,Obs_herb_io_ratio,dimensionless,Inshore_offshore_ratio_of_annual_mean_herb_depth_av_conc,Clyde,2003-2013,Insufficient_data
NA,NA,0,Obs_phyt_io_ratio,dimensionless,Inshore_offshore_ratio_of_annual_mean_phyt_surface_layer_conc,Clyde,2003-2013,Insufficient_data
NA,NA,0,Obs_nit_io_ratio,dimensionless,Inshore_offshore_ratio_of_annual_mean_nitrate_surface_layer_conc,Clyde,2003-2013,Insufficient_data
NA,NA,0,Obs_amm_io_ratio,dimensionless,Inshore_offshore_ratio_of_annual_mean_ammonia_surface_layer_conc,Clyde,2003-2013,Insufficient_data
NA,NA,0,Obs_pfish_io_ratio,dimensionless,Inshore_offshore_ratio_of_annual_mean_planktivorous_fish_density_per_m2,Clyde,2003-2013,Insufficient_data
NA,NA,0,Obs_dfish_io_ratio,dimensionless,Inshore_offshore_ratio_of_annual_mean_demersal_fish_density_per_m2,Clyde,2003-2013,Insufficient_data
NA,NA,0,Obs_birddisc,mMN/m2/y,Annual_bycatch_of_birds,Clyde,2003-2013,Insufficient_data
NA,NA,0,Obs_sealdisc,mMN/m2/y,Annual_bycatch_of_seals,Clyde,2003-2013,Insufficient_data
NA,NA,0,Obs_cetadisc,mMN/m2/y,Annual_bycatch_of_cetaceans,Clyde,2003-2013,Insufficient_data
1.50E-01,0.05,1,Obs_kelp_beachcast,dimensionless,Proportion_of_kelp_annual_nitrogen_uptake_exported_as_beachcast,General_value,NA,Zemke_White_et_al_2005
0,0,0,Obs_Ctland_livewt,mMN/m2/y,Obs_cetacean_(Minke_whale)_landings_by_Norwegian_whalers,Clyde,2003-2013,No_whaling_allowed
