Month,Variable,median,lower_centile,upper_centile,Units,low_cent_value,upp_cent_value,Comments
Jan,surface_nitrate,11.82487933,7.410212946,20.34478699,mMNm3,17,83,ICES_hydrochemical_database_North_Sea_0_30m_1970-1999
Feb,surface_nitrate,9.913797494,7.490211453,11.6970927,mMNm3,17,83,ICES_hydrochemical_database_North_Sea_0_30m_1970-1999
Mar,surface_nitrate,13.44143044,7.336235768,22.54961229,mMNm3,17,83,ICES_hydrochemical_database_North_Sea_0_30m_1970-1999
Apr,surface_nitrate,7.48308292,3.633327457,13.30846044,mMNm3,17,83,ICES_hydrochemical_database_North_Sea_0_30m_1970-1999
May,surface_nitrate,3.486690491,1.532215531,8.791334116,mMNm3,17,83,ICES_hydrochemical_database_North_Sea_0_30m_1970-1999
Jun,surface_nitrate,2.178312237,0.77435449,4.707214958,mMNm3,17,83,ICES_hydrochemical_database_North_Sea_0_30m_1970-1999
Jul,surface_nitrate,1.803987695,0.788690605,5.255678745,mMNm3,17,83,ICES_hydrochemical_database_North_Sea_0_30m_1970-1999
Aug,surface_nitrate,1.175353947,0.644635977,2.404234555,mMNm3,17,83,ICES_hydrochemical_database_North_Sea_0_30m_1970-1999
Sep,surface_nitrate,2.176129395,1.035985188,4.972037266,mMNm3,17,83,ICES_hydrochemical_database_North_Sea_0_30m_1970-1999
Oct,surface_nitrate,3.311694394,1.992485965,5.521953114,mMNm3,17,83,ICES_hydrochemical_database_North_Sea_0_30m_1970-1999
Nov,surface_nitrate,6.599930318,4.895905178,9.793420367,mMNm3,17,83,ICES_hydrochemical_database_North_Sea_0_30m_1970-1999
Dec,surface_nitrate,11.65250442,6.54101601,18.66234351,mMNm3,17,83,ICES_hydrochemical_database_North_Sea_0_30m_1970-1999
Jan,deep_nitrate,7.795607269,6.588233646,9.976209243,mMNm3,17,83,ICES_hydrochemical_database_North_Sea_30-seabed_1970-1999
Feb,deep_nitrate,7.682604165,6.574174532,9.383703401,mMNm3,17,83,ICES_hydrochemical_database_North_Sea_30-seabed_1970-1999
Mar,deep_nitrate,8.178052193,6.208199579,11.3084858,mMNm3,17,83,ICES_hydrochemical_database_North_Sea_30-seabed_1970-1999
Apr,deep_nitrate,5.252096705,3.058158026,7.4735055,mMNm3,17,83,ICES_hydrochemical_database_North_Sea_30-seabed_1970-1999
May,deep_nitrate,4.044359091,2.3416269,6.422818544,mMNm3,17,83,ICES_hydrochemical_database_North_Sea_30-seabed_1970-1999
Jun,deep_nitrate,2.305243293,1.419188413,4.438546748,mMNm3,17,83,ICES_hydrochemical_database_North_Sea_30-seabed_1970-1999
Jul,deep_nitrate,2.811842053,1.109523281,6.141441183,mMNm3,17,83,ICES_hydrochemical_database_North_Sea_30-seabed_1970-1999
Aug,deep_nitrate,2.185114329,0.844764234,3.388855083,mMNm3,17,83,ICES_hydrochemical_database_North_Sea_30-seabed_1970-1999
Sep,deep_nitrate,2.925767277,1.639991124,4.164455304,mMNm3,17,83,ICES_hydrochemical_database_North_Sea_30-seabed_1970-1999
Oct,deep_nitrate,3.491993646,1.872115433,6.864270559,mMNm3,17,83,ICES_hydrochemical_database_North_Sea_30-seabed_1970-1999
Nov,deep_nitrate,5.592664759,4.034053074,7.393843522,mMNm3,17,83,ICES_hydrochemical_database_North_Sea_30-seabed_1970-1999
Dec,deep_nitrate,6.908810695,5.028847414,8.842316855,mMNm3,17,83,ICES_hydrochemical_database_North_Sea_30-seabed_1970-1999
Jan,surface_ammonia,1.976445414,1.25192712,3.215846639,mMNm3,17,83,ICES_hydrochemical_database_North_Sea_0_30m_1970-1999
Feb,surface_ammonia,1.391057099,0.58305115,2.839629964,mMNm3,17,83,ICES_hydrochemical_database_North_Sea_0_30m_1970-1999
Mar,surface_ammonia,2.01284125,0.750695143,5.682282194,mMNm3,17,83,ICES_hydrochemical_database_North_Sea_0_30m_1970-1999
Apr,surface_ammonia,1.437524217,0.829972204,3.146013313,mMNm3,17,83,ICES_hydrochemical_database_North_Sea_0_30m_1970-1999
May,surface_ammonia,1.504219741,0.927875795,3.232139061,mMNm3,17,83,ICES_hydrochemical_database_North_Sea_0_30m_1970-1999
Jun,surface_ammonia,2.470568369,1.487467521,3.866044509,mMNm3,17,83,ICES_hydrochemical_database_North_Sea_0_30m_1970-1999
Jul,surface_ammonia,1.764538942,1.169791269,4.546619104,mMNm3,17,83,ICES_hydrochemical_database_North_Sea_0_30m_1970-1999
Aug,surface_ammonia,1.211150079,0.756612742,3.39676106,mMNm3,17,83,ICES_hydrochemical_database_North_Sea_0_30m_1970-1999
Sep,surface_ammonia,2.433372982,1.387315441,4.549935981,mMNm3,17,83,ICES_hydrochemical_database_North_Sea_0_30m_1970-1999
Oct,surface_ammonia,2.908422683,1.780249143,4.991381249,mMNm3,17,83,ICES_hydrochemical_database_North_Sea_0_30m_1970-1999
Nov,surface_ammonia,3.276310234,2.050765679,5.435768873,mMNm3,17,83,ICES_hydrochemical_database_North_Sea_0_30m_1970-1999
Dec,surface_ammonia,2.825876875,2.020506482,6.800813432,mMNm3,17,83,ICES_hydrochemical_database_North_Sea_0_30m_1970-1999
Jan,deep_ammonia,0.604528354,0.443866929,1.391325919,mMNm3,17,83,ICES_hydrochemical_database_North_Sea_30-seabed_1970-1999
Feb,deep_ammonia,0.580492515,0.136529245,0.918474975,mMNm3,17,83,ICES_hydrochemical_database_North_Sea_30-seabed_1970-1999
Mar,deep_ammonia,0.727791582,0.353515951,1.776208661,mMNm3,17,83,ICES_hydrochemical_database_North_Sea_30-seabed_1970-1999
Apr,deep_ammonia,0.71142245,0.311039687,0.969446967,mMNm3,17,83,ICES_hydrochemical_database_North_Sea_30-seabed_1970-1999
May,deep_ammonia,1.125225869,0.798555124,2.335712703,mMNm3,17,83,ICES_hydrochemical_database_North_Sea_30-seabed_1970-1999
Jun,deep_ammonia,1.557104402,0.914204226,4.140853003,mMNm3,17,83,ICES_hydrochemical_database_North_Sea_30-seabed_1970-1999
Jul,deep_ammonia,1.469787577,1.088271143,4.186229433,mMNm3,17,83,ICES_hydrochemical_database_North_Sea_30-seabed_1970-1999
Aug,deep_ammonia,1.199045296,0.661669501,4.12684013,mMNm3,17,83,ICES_hydrochemical_database_North_Sea_30-seabed_1970-1999
Sep,deep_ammonia,1.466698683,0.808243966,3.746537063,mMNm3,17,83,ICES_hydrochemical_database_North_Sea_30-seabed_1970-1999
Oct,deep_ammonia,0.991522452,0.552511517,2.166096044,mMNm3,17,83,ICES_hydrochemical_database_North_Sea_30-seabed_1970-1999
Nov,deep_ammonia,1.485832812,0.977009365,2.883772776,mMNm3,17,83,ICES_hydrochemical_database_North_Sea_30-seabed_1970-1999
Dec,deep_ammonia,0.742793805,0.216585964,1.699967388,mMNm3,17,83,ICES_hydrochemical_database_North_Sea_30-seabed_1970-1999
Jan,surface_chlorophyll,0.205059798,0.054415343,2.950810914,mgm3,5,95,ICES_hydrochemical_database_0_30m_1970-1999
Feb,surface_chlorophyll,0.603824911,0.099881617,1.97299104,mgm3,5,95,ICES_hydrochemical_database_0_30m_1970-1999
Mar,surface_chlorophyll,0.691930952,0.097743568,5.15133172,mgm3,5,95,ICES_hydrochemical_database_0_30m_1970-1999
Apr,surface_chlorophyll,1.434119877,0.233984459,7.390810178,mgm3,5,95,ICES_hydrochemical_database_0_30m_1970-1999
May,surface_chlorophyll,0.981961207,0.117793048,5.609219102,mgm3,5,95,ICES_hydrochemical_database_0_30m_1970-1999
Jun,surface_chlorophyll,0.602810485,0.12308625,4.502512232,mgm3,5,95,ICES_hydrochemical_database_0_30m_1970-1999
Jul,surface_chlorophyll,0.994759771,0.061775621,3.84572799,mgm3,5,95,ICES_hydrochemical_database_0_30m_1970-1999
Aug,surface_chlorophyll,1.260428229,0.060619308,4.615792514,mgm3,5,95,ICES_hydrochemical_database_0_30m_1970-1999
Sep,surface_chlorophyll,0.681108623,0.086007326,7.834890663,mgm3,5,95,ICES_hydrochemical_database_0_30m_1970-1999
Oct,surface_chlorophyll,0.352773021,0.069916942,3.695438514,mgm3,5,95,ICES_hydrochemical_database_0_30m_1970-1999
Nov,surface_chlorophyll,0.476151843,0.110321983,2.193851899,mgm3,5,95,ICES_hydrochemical_database_0_30m_1970-1999
Dec,surface_chlorophyll,0.418489103,0.050869144,2.062879546,mgm3,5,95,ICES_hydrochemical_database_0_30m_1970-1999
Jan,omniv_zooplankton,0.065546417,0.010387562,0.155039758,mMNm3,17,83,SAHFOS_CPR_data_North_Sea_1970_1999_with_Broekhuizen_depth_correction_conv_nitrogen_units
Feb,omniv_zooplankton,0.065339033,0.025868669,0.164413129,mMNm3,17,83,SAHFOS_CPR_data_North_Sea_1970_1999_with_Broekhuizen_depth_correction_conv_nitrogen_units
Mar,omniv_zooplankton,0.114143604,0.030120573,0.239641627,mMNm3,17,83,SAHFOS_CPR_data_North_Sea_1970_1999_with_Broekhuizen_depth_correction_conv_nitrogen_units
Apr,omniv_zooplankton,0.356114207,0.116396368,0.840257025,mMNm3,17,83,SAHFOS_CPR_data_North_Sea_1970_1999_with_Broekhuizen_depth_correction_conv_nitrogen_units
May,omniv_zooplankton,0.975563912,0.375597803,1.923207678,mMNm3,17,83,SAHFOS_CPR_data_North_Sea_1970_1999_with_Broekhuizen_depth_correction_conv_nitrogen_units
Jun,omniv_zooplankton,1.253178991,0.625422521,2.171888615,mMNm3,17,83,SAHFOS_CPR_data_North_Sea_1970_1999_with_Broekhuizen_depth_correction_conv_nitrogen_units
Jul,omniv_zooplankton,1.363584274,0.608368764,2.364134391,mMNm3,17,83,SAHFOS_CPR_data_North_Sea_1970_1999_with_Broekhuizen_depth_correction_conv_nitrogen_units
Aug,omniv_zooplankton,1.10498655,0.57444152,2.192469337,mMNm3,17,83,SAHFOS_CPR_data_North_Sea_1970_1999_with_Broekhuizen_depth_correction_conv_nitrogen_units
Sep,omniv_zooplankton,0.792794817,0.469451253,1.431682199,mMNm3,17,83,SAHFOS_CPR_data_North_Sea_1970_1999_with_Broekhuizen_depth_correction_conv_nitrogen_units
Oct,omniv_zooplankton,0.501528198,0.241813038,1.025082064,mMNm3,17,83,SAHFOS_CPR_data_North_Sea_1970_1999_with_Broekhuizen_depth_correction_conv_nitrogen_units
Nov,omniv_zooplankton,0.191643274,0.056152381,0.404660254,mMNm3,17,83,SAHFOS_CPR_data_North_Sea_1970_1999_with_Broekhuizen_depth_correction_conv_nitrogen_units
Dec,omniv_zooplankton,0.106165322,0.026732617,0.260282157,mMNm3,17,83,SAHFOS_CPR_data_North_Sea_1970_1999_with_Broekhuizen_depth_correction_conv_nitrogen_units
Jan,carniv_zooplankton,0.044767321,0.013874433,0.096978864,mMNm3,17,83,SAHFOS_CPR_data_North_Sea_1970_1999_with_Broekhuizen_depth_correction_conv_nitrogen_units
Feb,carniv_zooplankton,0.044869774,0.017638293,0.119787478,mMNm3,17,83,SAHFOS_CPR_data_North_Sea_1970_1999_with_Broekhuizen_depth_correction_conv_nitrogen_units
Mar,carniv_zooplankton,0.041956721,0.013602291,0.110891361,mMNm3,17,83,SAHFOS_CPR_data_North_Sea_1970_1999_with_Broekhuizen_depth_correction_conv_nitrogen_units
Apr,carniv_zooplankton,0.046160377,0.014384619,0.120695535,mMNm3,17,83,SAHFOS_CPR_data_North_Sea_1970_1999_with_Broekhuizen_depth_correction_conv_nitrogen_units
May,carniv_zooplankton,0.071674882,0.011706435,0.13889229,mMNm3,17,83,SAHFOS_CPR_data_North_Sea_1970_1999_with_Broekhuizen_depth_correction_conv_nitrogen_units
Jun,carniv_zooplankton,0.085717484,0.018772825,0.279064372,mMNm3,17,83,SAHFOS_CPR_data_North_Sea_1970_1999_with_Broekhuizen_depth_correction_conv_nitrogen_units
Jul,carniv_zooplankton,0.084871327,0.020734386,0.386633546,mMNm3,17,83,SAHFOS_CPR_data_North_Sea_1970_1999_with_Broekhuizen_depth_correction_conv_nitrogen_units
Aug,carniv_zooplankton,0.08584228,0.035895025,0.215643763,mMNm3,17,83,SAHFOS_CPR_data_North_Sea_1970_1999_with_Broekhuizen_depth_correction_conv_nitrogen_units
Sep,carniv_zooplankton,0.152266563,0.066805628,0.313532401,mMNm3,17,83,SAHFOS_CPR_data_North_Sea_1970_1999_with_Broekhuizen_depth_correction_conv_nitrogen_units
Oct,carniv_zooplankton,0.099197621,0.051704297,0.183417534,mMNm3,17,83,SAHFOS_CPR_data_North_Sea_1970_1999_with_Broekhuizen_depth_correction_conv_nitrogen_units
Nov,carniv_zooplankton,0.088559737,0.048695298,0.195747036,mMNm3,17,83,SAHFOS_CPR_data_North_Sea_1970_1999_with_Broekhuizen_depth_correction_conv_nitrogen_units
Dec,carniv_zooplankton,0.0507572,0.02171503,0.110976144,mMNm3,17,83,SAHFOS_CPR_data_North_Sea_1970_1999_with_Broekhuizen_depth_correction_conv_nitrogen_units
Jan,larvae_susp_dep_benthos,6.81E-05,2.70E-05,0.000171393,mMNm3,17,83,SAHFOS_CPR_data_North_Sea_1970_1999_with_Broekhuizen_depth_correction_conv_nitrogen_units
Feb,larvae_susp_dep_benthos,0.001064365,0.000280868,0.002234608,mMNm3,17,83,SAHFOS_CPR_data_North_Sea_1970_1999_with_Broekhuizen_depth_correction_conv_nitrogen_units
Mar,larvae_susp_dep_benthos,0.011063286,0.003616049,0.026103996,mMNm3,17,83,SAHFOS_CPR_data_North_Sea_1970_1999_with_Broekhuizen_depth_correction_conv_nitrogen_units
Apr,larvae_susp_dep_benthos,0.13716105,0.052807805,0.27039662,mMNm3,17,83,SAHFOS_CPR_data_North_Sea_1970_1999_with_Broekhuizen_depth_correction_conv_nitrogen_units
May,larvae_susp_dep_benthos,0.653660046,0.326221327,1.132860367,mMNm3,17,83,SAHFOS_CPR_data_North_Sea_1970_1999_with_Broekhuizen_depth_correction_conv_nitrogen_units
Jun,larvae_susp_dep_benthos,1.18546194,0.528898748,2.055312161,mMNm3,17,83,SAHFOS_CPR_data_North_Sea_1970_1999_with_Broekhuizen_depth_correction_conv_nitrogen_units
Jul,larvae_susp_dep_benthos,0.56580303,0.294140008,1.122643343,mMNm3,17,83,SAHFOS_CPR_data_North_Sea_1970_1999_with_Broekhuizen_depth_correction_conv_nitrogen_units
Aug,larvae_susp_dep_benthos,0.19979778,0.118309702,0.360808268,mMNm3,17,83,SAHFOS_CPR_data_North_Sea_1970_1999_with_Broekhuizen_depth_correction_conv_nitrogen_units
Sep,larvae_susp_dep_benthos,0.022107189,0.010659035,0.045185262,mMNm3,17,83,SAHFOS_CPR_data_North_Sea_1970_1999_with_Broekhuizen_depth_correction_conv_nitrogen_units
Oct,larvae_susp_dep_benthos,0.001120985,0.000328454,0.002366992,mMNm3,17,83,SAHFOS_CPR_data_North_Sea_1970_1999_with_Broekhuizen_depth_correction_conv_nitrogen_units
Nov,larvae_susp_dep_benthos,0.000181728,4.58E-05,0.000445537,mMNm3,17,83,SAHFOS_CPR_data_North_Sea_1970_1999_with_Broekhuizen_depth_correction_conv_nitrogen_units
Dec,larvae_susp_dep_benthos,4.63E-05,7.33E-06,0.000109437,mMNm3,17,83,SAHFOS_CPR_data_North_Sea_1970_1999_with_Broekhuizen_depth_correction_conv_nitrogen_units
Jan,larvae_carn_scav_benthos,1.92E-05,7.61E-06,4.83E-05,mMNm3,17,83,SAHFOS_CPR_data_North_Sea_1970_1999_with_Broekhuizen_depth_correction_conv_nitrogen_units
Feb,larvae_carn_scav_benthos,0.000300205,7.92E-05,0.000630273,mMNm3,17,83,SAHFOS_CPR_data_North_Sea_1970_1999_with_Broekhuizen_depth_correction_conv_nitrogen_units
Mar,larvae_carn_scav_benthos,0.003120414,0.001019911,0.007362665,mMNm3,17,83,SAHFOS_CPR_data_North_Sea_1970_1999_with_Broekhuizen_depth_correction_conv_nitrogen_units
Apr,larvae_carn_scav_benthos,0.03868645,0.014894509,0.076265713,mMNm3,17,83,SAHFOS_CPR_data_North_Sea_1970_1999_with_Broekhuizen_depth_correction_conv_nitrogen_units
May,larvae_carn_scav_benthos,0.184365654,0.092011144,0.319524719,mMNm3,17,83,SAHFOS_CPR_data_North_Sea_1970_1999_with_Broekhuizen_depth_correction_conv_nitrogen_units
Jun,larvae_carn_scav_benthos,0.33436106,0.14917657,0.57970343,mMNm3,17,83,SAHFOS_CPR_data_North_Sea_1970_1999_with_Broekhuizen_depth_correction_conv_nitrogen_units
Jul,larvae_carn_scav_benthos,0.15958547,0.082962566,0.316642994,mMNm3,17,83,SAHFOS_CPR_data_North_Sea_1970_1999_with_Broekhuizen_depth_correction_conv_nitrogen_units
Aug,larvae_carn_scav_benthos,0.05635322,0.033369403,0.101766435,mMNm3,17,83,SAHFOS_CPR_data_North_Sea_1970_1999_with_Broekhuizen_depth_correction_conv_nitrogen_units
Sep,larvae_carn_scav_benthos,0.006235361,0.003006394,0.012744561,mMNm3,17,83,SAHFOS_CPR_data_North_Sea_1970_1999_with_Broekhuizen_depth_correction_conv_nitrogen_units
Oct,larvae_carn_scav_benthos,0.000316175,9.26E-05,0.000667613,mMNm3,17,83,SAHFOS_CPR_data_North_Sea_1970_1999_with_Broekhuizen_depth_correction_conv_nitrogen_units
Nov,larvae_carn_scav_benthos,5.13E-05,1.29E-05,0.000125664,mMNm3,17,83,SAHFOS_CPR_data_North_Sea_1970_1999_with_Broekhuizen_depth_correction_conv_nitrogen_units
Dec,larvae_carn_scav_benthos,1.30E-05,2.07E-06,3.09E-05,mMNm3,17,83,SAHFOS_CPR_data_North_Sea_1970_1999_with_Broekhuizen_depth_correction_conv_nitrogen_units
