Annual_measure,SD_of_measure,Name,Units,Description
1522,150.94,Obs_TAPP   ,mMN/m2/y,Annual_total_primary_production
634.2,67.396,Obs_NP   ,mMN/m2/y,Annual_new_production_from_depth_integrated_nitrate
339.6,25.157,Obs_OmnizooP   ,mMN/m2/y,Annual_mesozooplankton_production
44.35,2.5157,Obs_CarnzooP   ,mMN/m2/y,Annual_carnivorous_zooplankton_production
29.97,3.509,Obs_PFishP     ,mMN/m2/y,Annual_pelagic_fish_production
11.5,2.277,Obs_DFishP     ,mMN/m2/y,Annual_demersal_fish_production
1248,449,Obs_BensuspP   ,mMN/m2/y,Annual_filt/dep_benthos_production
21.1,7.6,Obs_BencarnP   ,mMN/m2/y,Annual_carn/scan_benthos_production
0.00326,0.006289,Obs_birdP    ,mMN/m2/y,Annual_production_of_birds_and_mammals
1.185,7.421,Obs_maxbenthslar   ,mMN/m3,Annual_monthly_max_conc_of_benthos_filt/dep_larvae
0.334,2.013,Obs_maxbenthclar   ,mMN/m3,Annual_monthly_max_conc_of_benthos_carn/scav_larvae
23.48,9.057,Obs_Conpfishfish   ,mMN/m2/y,Annual_consumption_of_pelagic_fish_by_fish
2.138,0.503,Obs_Condfishfish   ,mMN/m2/y,Annual_consumption_of_demersal_fish_by_fish
92.28,13.019,Obs_Conzoofish   ,mMN/m2/y,Annual_consumption_of_mesozooplankton_by_fish_and_fish_larvae
60.377,25.157,Obs_Conzoocarnz   ,mMN/m2/y,Annual_consumption_of_mesozooplankton_by_carn_zooplankton
12.579,6.289,Obs_Conbenfish   ,mMN/m2/y,Annual_consumption_of_benthos_by_fish
0.0629,0.0314,Obs_Conpfishbird   ,mMN/m2/y,Annual_consumption_of_pelagic_fish_by_birds_and_mammals
0.0126,0.006289,Obs_Condfishbird   ,mMN/m2/y,Annual_consumption_of_demersal_fish_by_birds_and_mammals
0.0126,0.006289,Obs_Condiscbird   ,mMN/m2/y,Annual_consumption_of_discards_by_birds_and_mammals
5.555,0.1,Obs_Pland   ,mMN/m2/y,Annual_pelagic_fish_landings
1.735,0.03,Obs_Dland   ,mMN/m2/y,Annual_demersal_fish_landings
0.775,0.308,Obs_Mland   ,mMN/m2/y,Annual_migratory_fish_landings
0.0953,0.0382,Obs_Bsland   ,mMN/m2/y,Annual_filt/dep_benthos_landings
0.0829,0.0169,Obs_Bcland   ,mMN/m2/y,Annual_carn/scav_benthos_landings
0.00147,0.000932,Obs_Zcland   ,mMN/m2/y,Annual_carn_zooplankton_landings
10,5,Obs_Benslar_pb   ,/y,Annual_PB_ratio_larvae_of_filt/dep_benthos
10,5,Obs_Benclar_pb   ,/y,Annual_PB_ratio_larvae_of_carn/scav_benthos
10,3,Obs_Bens_pb   ,/y,Annual_PB_ratio_benthos_filter/deposit_feeders
1.2,1,Obs_Benc_pb   ,/y,Annual_PB_ratio_benthos_carn/scavengers
20,10,Obs_herb_pb   ,/y,Annual_PB_ratio_mesozooplankton
5,1.315,Obs_carn_pb   ,/y,Annual_PB_ratio_carniv_zooplankton
4,2,Obs_fishplar_pb   ,/y,Annual_PB_ratio_larvae_of_pelagic_fish
4,2,Obs_fishdlar_pb   ,/y,Annual_PB_ratio_larvae_of_demersal_fish
1.72,0.86,Obs_fishp_pb   ,/y,Annual_PB_ratio_pelagic_fish
0.88,0.44,Obs_fishd_pb   ,/y,Annual_PB_ratio_demersal_fish
1.3,0.6,Obs_fishm_pb   ,/y,Annual_PB_ratio_migratory_fish
0.1,0.05,Obs_bird_pb   ,/y,Annual_PB_ratio_birds_and_mammals
129,42,Obs_Denitrif   ,mMN/m2/y,Annual_denitrification
0.37,0.075,Obs_DFdiscardp   ,dimensionless,Proportion_of_demersal_fish_catch_discarded
14,7,Obs_s_x_ammonia   ,mMN/m3,Annual_average_ammonia_conc_in_porewater_of_sand_gs_0.2mm
263,60,Obs_d_x_ammonia   ,mMN/m3,Annual_average_ammonia_conc_in_porewater_of_mud_gs_0.05mm
5,2.5,Obs_s_x_nitrate  ,mMN/m3,Annual_average_nitrate_conc_in_porewater_of_sand_gs_0.2mm
15,7.5,Obs_d_x_nitrate  ,mMN/m3,Annual_average_nitrate_conc_in_porewater_of_mud_gs_0.05mm
0.0398,0.02441,Obs_s_x_TON   ,%N(gN/g_dry_sed),Annual_average_organic_N_content_of_sand_gs_0.31mm_(0.19-0.43mm)
0.09944,0.0343,Obs_d_x_TON   ,%N(gN/g_dry_sed),Annual_average_organic_N_content_of_mud_gs_0.05mm_(0.03-0.07mm)
9.998,2.135,Obs_NDJF_s_nitrate   ,mMN/m3,Average_winter_(Nov-Feb)_nitrate_conc_shallow_layer
2.161,1.089,Obs_MJJA_s_nitrate   ,mMN/m3,Average_summer_(May-Aug)_nitrate_conc_shallow_layer
6.995,0.836,Obs_NDJF_d_nitrate   ,mMN/m3,Average_winter_(Nov-Feb)_nitrate_conc_deep_layer
2.837,0.917,Obs_MJJA_d_nitrate   ,mMN/m3,Average_summer_(May-Aug)_nitrate_conc_deep_layer
2.367,0.774,Obs_NDJF_s_ammonia   ,mMN/m3,Average_winter_(Nov-Feb)_ammonia_conc_shallow_layer
1.737,0.669,Obs_MJJA_s_ammonia   ,mMN/m3,Average_summer_(May-Aug)_ammonia_conc_shallow_layer
0.853,0.32,Obs_NDJF_d_ammonia   ,mMN/m3,Average_winter_(Nov-Feb)_ammonia_conc_deep_layer
1.338,0.708,Obs_MJJA_d_ammonia   ,mMN/m3,Average_summer_(May-Aug)_ammonia_conc_deep_layer
0.904054817,0.2,Obs_carn_io_ratio,dimensionless,Inshore_offshore_ratio_of_annual_mean_carnzoo_depth_av_conc
1.675726526,0.271539031,Obs_herb_io_ratio,dimensionless,Inshore_offshore_ratio_of_annual_mean_herb_depth_av_conc
8.744402563,3,Obs_phyt_io_ratio,dimensionless,Inshore_offshore_ratio_of_annual_mean_phyt_surface_layer_conc
3.000139235,1,Obs_nit_io_ratio,dimensionless,Inshore_offshore_ratio_of_annual_mean_nitrate_surface_layer_conc
2.429352612,0.9,Obs_amm_io_ratio,dimensionless,Inshore_offshore_ratio_of_annual_mean_ammonia_surface_layer_conc
0.67,0.49,Obs_pfish_io_ratio,dimensionless,Inshore_offshore_ratio_of_annual_mean_planktivorous_fish_density_per_m2
0.39,0.31,Obs_dfish_io_ratio,dimensionless,Inshore_offshore_ratio_of_annual_mean_demersal_fish_density_per_m2
0.000095,0.0000223,Obs_BMdisc,mMN/m2/y,Annual_bycatch_of_small_cetaceans
